,Age,Gender,School_Enrolled,Received_HIV_Education,Mental_Health_Score
count,12.0,12,12.0,12.0,12.0
unique,,2,,,
top,,Female,,,
freq,,6,,,
mean,15.5,,0.5833333333333334,0.5833333333333334,3.0
std,1.7837651700316894,,0.5149286505444373,0.5149286505444373,1.4142135623730951
min,13.0,,0.0,0.0,1.0
25%,14.0,,0.0,0.0,2.0
50%,15.5,,1.0,1.0,3.0
75%,17.0,,1.0,1.0,4.0
max,18.0,,1.0,1.0,5.0
